--
-- PostgreSQL database dump
--

-- Dumped from database version 15.4
-- Dumped by pg_dump version 15.4

-- Started on 2024-12-22 14:51:14

SET statement_timeout = 0;
SET lock_timeout = 0;
SET idle_in_transaction_session_timeout = 0;
SET client_encoding = 'UTF8';
SET standard_conforming_strings = on;
SELECT pg_catalog.set_config('search_path', '', false);
SET check_function_bodies = false;
SET xmloption = content;
SET client_min_messages = warning;
SET row_security = off;

SET default_tablespace = '';

SET default_table_access_method = heap;

--
-- TOC entry 214 (class 1259 OID 57840)
-- Name: communities; Type: TABLE; Schema: public; Owner: postgres
--

CREATE TABLE public.communities (
    city character varying(255),
    community_name character varying(255),
    country character varying(255),
    description character varying(255),
    district character varying(255),
    registration_date date,
    id uuid NOT NULL
);


ALTER TABLE public.communities OWNER TO postgres;

--
-- TOC entry 215 (class 1259 OID 57847)
-- Name: community_account_data; Type: TABLE; Schema: public; Owner: postgres
--

CREATE TABLE public.community_account_data (
    community_account_id uuid NOT NULL,
    authenticated boolean NOT NULL,
    email character varying(255) NOT NULL,
    password character varying(255),
    community_id uuid
);


ALTER TABLE public.community_account_data OWNER TO postgres;

--
-- TOC entry 216 (class 1259 OID 57854)
-- Name: community_refresh_storage; Type: TABLE; Schema: public; Owner: postgres
--

CREATE TABLE public.community_refresh_storage (
    email character varying(255) NOT NULL,
    refresh_token character varying(255)
);


ALTER TABLE public.community_refresh_storage OWNER TO postgres;

--
-- TOC entry 218 (class 1259 OID 57862)
-- Name: emergency_type; Type: TABLE; Schema: public; Owner: postgres
--

CREATE TABLE public.emergency_type (
    type_id integer NOT NULL,
    bg_color character varying(255),
    color character varying(255),
    title character varying(255)
);


ALTER TABLE public.emergency_type OWNER TO postgres;

--
-- TOC entry 217 (class 1259 OID 57861)
-- Name: emergency_type_type_id_seq; Type: SEQUENCE; Schema: public; Owner: postgres
--

ALTER TABLE public.emergency_type ALTER COLUMN type_id ADD GENERATED BY DEFAULT AS IDENTITY (
    SEQUENCE NAME public.emergency_type_type_id_seq
    START WITH 1
    INCREMENT BY 1
    NO MINVALUE
    NO MAXVALUE
    CACHE 1
);


--
-- TOC entry 219 (class 1259 OID 57869)
-- Name: friend_requests_received; Type: TABLE; Schema: public; Owner: postgres
--

CREATE TABLE public.friend_requests_received (
    user_id uuid NOT NULL,
    sender_id uuid NOT NULL
);


ALTER TABLE public.friend_requests_received OWNER TO postgres;

--
-- TOC entry 220 (class 1259 OID 57872)
-- Name: friend_requests_sent; Type: TABLE; Schema: public; Owner: postgres
--

CREATE TABLE public.friend_requests_sent (
    user_id uuid NOT NULL,
    receiver_id uuid NOT NULL
);


ALTER TABLE public.friend_requests_sent OWNER TO postgres;

--
-- TOC entry 221 (class 1259 OID 57875)
-- Name: groups; Type: TABLE; Schema: public; Owner: postgres
--

CREATE TABLE public.groups (
    group_id uuid NOT NULL,
    group_name character varying(255),
    owner_id uuid
);


ALTER TABLE public.groups OWNER TO postgres;

--
-- TOC entry 222 (class 1259 OID 57880)
-- Name: groups_members; Type: TABLE; Schema: public; Owner: postgres
--

CREATE TABLE public.groups_members (
    group_id uuid NOT NULL,
    user_id uuid NOT NULL
);


ALTER TABLE public.groups_members OWNER TO postgres;

--
-- TOC entry 223 (class 1259 OID 57883)
-- Name: monitored_emergency; Type: TABLE; Schema: public; Owner: postgres
--

CREATE TABLE public.monitored_emergency (
    community_id uuid NOT NULL,
    type_id integer NOT NULL
);


ALTER TABLE public.monitored_emergency OWNER TO postgres;

--
-- TOC entry 225 (class 1259 OID 57887)
-- Name: notification_options; Type: TABLE; Schema: public; Owner: postgres
--

CREATE TABLE public.notification_options (
    options_id integer NOT NULL,
    bg_color character varying(255),
    bg_color_dark character varying(255),
    color character varying(255),
    color_dark character varying(255),
    title character varying(255)
);


ALTER TABLE public.notification_options OWNER TO postgres;

--
-- TOC entry 224 (class 1259 OID 57886)
-- Name: notification_options_options_id_seq; Type: SEQUENCE; Schema: public; Owner: postgres
--

ALTER TABLE public.notification_options ALTER COLUMN options_id ADD GENERATED BY DEFAULT AS IDENTITY (
    SEQUENCE NAME public.notification_options_options_id_seq
    START WITH 1
    INCREMENT BY 1
    NO MINVALUE
    NO MAXVALUE
    CACHE 1
);


--
-- TOC entry 226 (class 1259 OID 57894)
-- Name: notification_templates; Type: TABLE; Schema: public; Owner: postgres
--

CREATE TABLE public.notification_templates (
    template_id uuid NOT NULL,
    notification_message character varying(255),
    template_name character varying(255),
    emergency_type_id integer,
    owner_id uuid
);


ALTER TABLE public.notification_templates OWNER TO postgres;

--
-- TOC entry 227 (class 1259 OID 57901)
-- Name: owners_data; Type: TABLE; Schema: public; Owner: postgres
--

CREATE TABLE public.owners_data (
    id uuid NOT NULL
);


ALTER TABLE public.owners_data OWNER TO postgres;

--
-- TOC entry 228 (class 1259 OID 57906)
-- Name: selected_options; Type: TABLE; Schema: public; Owner: postgres
--

CREATE TABLE public.selected_options (
    user_id uuid NOT NULL,
    options_id integer NOT NULL
);


ALTER TABLE public.selected_options OWNER TO postgres;

--
-- TOC entry 229 (class 1259 OID 57909)
-- Name: subscribers_subscriptions; Type: TABLE; Schema: public; Owner: postgres
--

CREATE TABLE public.subscribers_subscriptions (
    user_id uuid NOT NULL,
    community_id uuid NOT NULL
);


ALTER TABLE public.subscribers_subscriptions OWNER TO postgres;

--
-- TOC entry 230 (class 1259 OID 57912)
-- Name: user_account_data; Type: TABLE; Schema: public; Owner: postgres
--

CREATE TABLE public.user_account_data (
    user_account_id uuid NOT NULL,
    authenticated boolean NOT NULL,
    email character varying(255) NOT NULL,
    password character varying(255),
    user_id uuid
);


ALTER TABLE public.user_account_data OWNER TO postgres;

--
-- TOC entry 231 (class 1259 OID 57919)
-- Name: user_friends; Type: TABLE; Schema: public; Owner: postgres
--

CREATE TABLE public.user_friends (
    user_id uuid NOT NULL,
    friend_id uuid NOT NULL
);


ALTER TABLE public.user_friends OWNER TO postgres;

--
-- TOC entry 232 (class 1259 OID 57922)
-- Name: user_refresh_storage; Type: TABLE; Schema: public; Owner: postgres
--

CREATE TABLE public.user_refresh_storage (
    email character varying(255) NOT NULL,
    refresh_token character varying(255)
);


ALTER TABLE public.user_refresh_storage OWNER TO postgres;

--
-- TOC entry 233 (class 1259 OID 57929)
-- Name: users; Type: TABLE; Schema: public; Owner: postgres
--

CREATE TABLE public.users (
    age integer,
    birthday date,
    city character varying(255),
    country character varying(255),
    district character varying(255),
    first_name character varying(255),
    last_name character varying(255),
    registration_date date,
    id uuid NOT NULL,
    email character varying(255),
    phone_number character varying(255),
    telegram_short_name character varying(255),
    device_token character varying(255)
);


ALTER TABLE public.users OWNER TO postgres;

--
-- TOC entry 3435 (class 0 OID 57840)
-- Dependencies: 214
-- Data for Name: communities; Type: TABLE DATA; Schema: public; Owner: postgres
--

INSERT INTO public.communities (city, community_name, country, description, district, registration_date, id) VALUES (NULL, 'OOO Где-то ебануло', 'Россия', NULL, NULL, '2024-07-05', '69ac213b-99a1-42d0-96fa-999c7cc69fa0');


--
-- TOC entry 3436 (class 0 OID 57847)
-- Dependencies: 215
-- Data for Name: community_account_data; Type: TABLE DATA; Schema: public; Owner: postgres
--

INSERT INTO public.community_account_data (community_account_id, authenticated, email, password, community_id) VALUES ('f37a23e7-5f0b-4ade-9dcd-e57ac2c0b58e', false, 'gdetoebanulo@example.com', '$2a$10$Oj/LTp78EjBXjQGTYy9RtuWcNlQbwDBuDOCWwwEduPCxoKinZzmQ6', '69ac213b-99a1-42d0-96fa-999c7cc69fa0');


--
-- TOC entry 3437 (class 0 OID 57854)
-- Dependencies: 216
-- Data for Name: community_refresh_storage; Type: TABLE DATA; Schema: public; Owner: postgres
--

INSERT INTO public.community_refresh_storage (email, refresh_token) VALUES ('gdetoebanulo@example.com', 'eyJhbGciOiJIUzUxMiJ9.eyJzdWIiOiJnZGV0b2ViYW51bG9AZXhhbXBsZS5jb20iLCJleHAiOjE3MjQ3NjczODN9.8bQko36h7diM1Y6lZUrg6TcjWWxwZWtn3K_PrvGAFg9HCc7sF3rKFNDyfSVGoGcoNz7cpgnDQPfz9LgfaXUGTg');


--
-- TOC entry 3439 (class 0 OID 57862)
-- Dependencies: 218
-- Data for Name: emergency_type; Type: TABLE DATA; Schema: public; Owner: postgres
--

INSERT INTO public.emergency_type (type_id, bg_color, color, title) VALUES (1, 'rgb(18%, 22%, 29%, 0.3)', '#2D384A', 'Earthquake');
INSERT INTO public.emergency_type (type_id, bg_color, color, title) VALUES (2, 'rgb(13%, 20%, 40%, 0.3)', '#236', 'Flood');
INSERT INTO public.emergency_type (type_id, bg_color, color, title) VALUES (3, 'rgb(13%, 27%, 47%, 0.3)', '#214678', 'Tsunami');
INSERT INTO public.emergency_type (type_id, bg_color, color, title) VALUES (4, 'rgb(35%, 36%, 51%, 0.3)', '#595B82', 'Hurricane');
INSERT INTO public.emergency_type (type_id, bg_color, color, title) VALUES (5, 'rgb(100%, 30%, 17%, 0.3)', '#FF4C2B', 'Forest fire');
INSERT INTO public.emergency_type (type_id, bg_color, color, title) VALUES (6, 'rgb(59%, 33%, 26%, 0.3)', '#965443', 'Terrorist attack');


--
-- TOC entry 3440 (class 0 OID 57869)
-- Dependencies: 219
-- Data for Name: friend_requests_received; Type: TABLE DATA; Schema: public; Owner: postgres
--



--
-- TOC entry 3441 (class 0 OID 57872)
-- Dependencies: 220
-- Data for Name: friend_requests_sent; Type: TABLE DATA; Schema: public; Owner: postgres
--



--
-- TOC entry 3442 (class 0 OID 57875)
-- Dependencies: 221
-- Data for Name: groups; Type: TABLE DATA; Schema: public; Owner: postgres
--

INSERT INTO public.groups (group_id, group_name, owner_id) VALUES ('c045cd9c-0488-4689-b389-a8fb8e95dc48', 'Одногруппники', '91511352-c656-4b2f-b5be-f79d34a0fedd');


--
-- TOC entry 3443 (class 0 OID 57880)
-- Dependencies: 222
-- Data for Name: groups_members; Type: TABLE DATA; Schema: public; Owner: postgres
--

INSERT INTO public.groups_members (group_id, user_id) VALUES ('c045cd9c-0488-4689-b389-a8fb8e95dc48', '823576a0-0336-4354-9292-63850ed99937');
INSERT INTO public.groups_members (group_id, user_id) VALUES ('c045cd9c-0488-4689-b389-a8fb8e95dc48', '0113b52c-39bd-4b6a-822f-f5e5ad458b74');


--
-- TOC entry 3444 (class 0 OID 57883)
-- Dependencies: 223
-- Data for Name: monitored_emergency; Type: TABLE DATA; Schema: public; Owner: postgres
--

INSERT INTO public.monitored_emergency (community_id, type_id) VALUES ('69ac213b-99a1-42d0-96fa-999c7cc69fa0', 1);


--
-- TOC entry 3446 (class 0 OID 57887)
-- Dependencies: 225
-- Data for Name: notification_options; Type: TABLE DATA; Schema: public; Owner: postgres
--

INSERT INTO public.notification_options (options_id, bg_color, bg_color_dark, color, color_dark, title) VALUES (1, 'rgb(16%, 31%, 45%, 0.3)', 'rgb(96%, 96%, 96%, 0.6)', '#294F74', '#152376', 'Telegram');
INSERT INTO public.notification_options (options_id, bg_color, bg_color_dark, color, color_dark, title) VALUES (2, 'rgb(35%, 36%, 51%, 0.3)', 'rgb(52%, 14%, 32%, 0.7)', '#595B82', '#f55477', 'Email');
INSERT INTO public.notification_options (options_id, bg_color, bg_color_dark, color, color_dark, title) VALUES (3, 'rgb(100%, 30%, 17%, 0.3)', 'rgb(100%, 30%, 17%, 0.45)', '#FF4C2B', '#FF4C2B', 'Mobile Notification');


--
-- TOC entry 3447 (class 0 OID 57894)
-- Dependencies: 226
-- Data for Name: notification_templates; Type: TABLE DATA; Schema: public; Owner: postgres
--

INSERT INTO public.notification_templates (template_id, notification_message, template_name, emergency_type_id, owner_id) VALUES ('7629440c-a90c-4d55-ab7e-d9ab36a0bd94', 'Attention, in 1 there will be a tectonic impact of 9 points.', 'Earthquake in Turkish.', 1, '0113b52c-39bd-4b6a-822f-f5e5ad458b74');
INSERT INTO public.notification_templates (template_id, notification_message, template_name, emergency_type_id, owner_id) VALUES ('d8cca1c9-74a8-441c-ac00-3eab0ba96809', 'Attention, in 1 there will be a tectonic impact of 10 points.', 'Earthquake in USA.', 1, '69ac213b-99a1-42d0-96fa-999c7cc69fa0');


--
-- TOC entry 3448 (class 0 OID 57901)
-- Dependencies: 227
-- Data for Name: owners_data; Type: TABLE DATA; Schema: public; Owner: postgres
--

INSERT INTO public.owners_data (id) VALUES ('823576a0-0336-4354-9292-63850ed99937');
INSERT INTO public.owners_data (id) VALUES ('0113b52c-39bd-4b6a-822f-f5e5ad458b74');
INSERT INTO public.owners_data (id) VALUES ('69ac213b-99a1-42d0-96fa-999c7cc69fa0');
INSERT INTO public.owners_data (id) VALUES ('91511352-c656-4b2f-b5be-f79d34a0fedd');


--
-- TOC entry 3449 (class 0 OID 57906)
-- Dependencies: 228
-- Data for Name: selected_options; Type: TABLE DATA; Schema: public; Owner: postgres
--

INSERT INTO public.selected_options (user_id, options_id) VALUES ('823576a0-0336-4354-9292-63850ed99937', 1);
INSERT INTO public.selected_options (user_id, options_id) VALUES ('823576a0-0336-4354-9292-63850ed99937', 2);
INSERT INTO public.selected_options (user_id, options_id) VALUES ('823576a0-0336-4354-9292-63850ed99937', 3);
INSERT INTO public.selected_options (user_id, options_id) VALUES ('0113b52c-39bd-4b6a-822f-f5e5ad458b74', 2);
INSERT INTO public.selected_options (user_id, options_id) VALUES ('0113b52c-39bd-4b6a-822f-f5e5ad458b74', 3);
INSERT INTO public.selected_options (user_id, options_id) VALUES ('91511352-c656-4b2f-b5be-f79d34a0fedd', 1);
INSERT INTO public.selected_options (user_id, options_id) VALUES ('91511352-c656-4b2f-b5be-f79d34a0fedd', 2);
INSERT INTO public.selected_options (user_id, options_id) VALUES ('91511352-c656-4b2f-b5be-f79d34a0fedd', 3);


--
-- TOC entry 3450 (class 0 OID 57909)
-- Dependencies: 229
-- Data for Name: subscribers_subscriptions; Type: TABLE DATA; Schema: public; Owner: postgres
--

INSERT INTO public.subscribers_subscriptions (user_id, community_id) VALUES ('0113b52c-39bd-4b6a-822f-f5e5ad458b74', '69ac213b-99a1-42d0-96fa-999c7cc69fa0');
INSERT INTO public.subscribers_subscriptions (user_id, community_id) VALUES ('823576a0-0336-4354-9292-63850ed99937', '69ac213b-99a1-42d0-96fa-999c7cc69fa0');
INSERT INTO public.subscribers_subscriptions (user_id, community_id) VALUES ('91511352-c656-4b2f-b5be-f79d34a0fedd', '69ac213b-99a1-42d0-96fa-999c7cc69fa0');


--
-- TOC entry 3451 (class 0 OID 57912)
-- Dependencies: 230
-- Data for Name: user_account_data; Type: TABLE DATA; Schema: public; Owner: postgres
--

INSERT INTO public.user_account_data (user_account_id, authenticated, email, password, user_id) VALUES ('e45bb9dd-ddb8-4d8a-877e-1cd4379271ce', false, 'alex.lox@example.com', '$2a$10$WQxky1ZK92Shff3h86FUqeUrwDS2qv/TWSqJwy9hT/gYzNxgWjmaG', '823576a0-0336-4354-9292-63850ed99937');
INSERT INTO public.user_account_data (user_account_id, authenticated, email, password, user_id) VALUES ('5c35a63e-3952-47a8-84c4-142d49400362', false, 'dima.lox@example.com', '$2a$10$s3mXDLeIH67FIV6BSbXTdetXT1QmSHtkJwD/0QYbfw4RtwgNSUSLK', '0113b52c-39bd-4b6a-822f-f5e5ad458b74');
INSERT INTO public.user_account_data (user_account_id, authenticated, email, password, user_id) VALUES ('7a908548-9b74-4f95-9a44-c971b07dfb19', false, 'ytube9504@gmail.com', '$2a$10$l4/WaomI9t8wUT47qYqzKOalX0qG1OISyd.1YiapGhtRPd8mJsPHe', '91511352-c656-4b2f-b5be-f79d34a0fedd');


--
-- TOC entry 3452 (class 0 OID 57919)
-- Dependencies: 231
-- Data for Name: user_friends; Type: TABLE DATA; Schema: public; Owner: postgres
--

INSERT INTO public.user_friends (user_id, friend_id) VALUES ('823576a0-0336-4354-9292-63850ed99937', '0113b52c-39bd-4b6a-822f-f5e5ad458b74');
INSERT INTO public.user_friends (user_id, friend_id) VALUES ('823576a0-0336-4354-9292-63850ed99937', '91511352-c656-4b2f-b5be-f79d34a0fedd');
INSERT INTO public.user_friends (user_id, friend_id) VALUES ('91511352-c656-4b2f-b5be-f79d34a0fedd', '823576a0-0336-4354-9292-63850ed99937');
INSERT INTO public.user_friends (user_id, friend_id) VALUES ('91511352-c656-4b2f-b5be-f79d34a0fedd', '0113b52c-39bd-4b6a-822f-f5e5ad458b74');
INSERT INTO public.user_friends (user_id, friend_id) VALUES ('0113b52c-39bd-4b6a-822f-f5e5ad458b74', '823576a0-0336-4354-9292-63850ed99937');
INSERT INTO public.user_friends (user_id, friend_id) VALUES ('0113b52c-39bd-4b6a-822f-f5e5ad458b74', '91511352-c656-4b2f-b5be-f79d34a0fedd');


--
-- TOC entry 3453 (class 0 OID 57922)
-- Dependencies: 232
-- Data for Name: user_refresh_storage; Type: TABLE DATA; Schema: public; Owner: postgres
--

INSERT INTO public.user_refresh_storage (email, refresh_token) VALUES ('dima.lox@example.com', 'eyJhbGciOiJIUzUxMiJ9.eyJzdWIiOiJkaW1hLmxveEBleGFtcGxlLmNvbSIsImV4cCI6MTcyMzQ3NjQxOH0.cHjWuBNnlcmLrnqlvdpd2PGYHU-LadYCtbjb20E5svPbuxDwBeieV3h4CCxUSTNAQ-3TAhQ1QA7jKphJjiDXYw');
INSERT INTO public.user_refresh_storage (email, refresh_token) VALUES ('alex.lox@example.com', 'eyJhbGciOiJIUzUxMiJ9.eyJzdWIiOiJhbGV4LmxveEBleGFtcGxlLmNvbSIsImV4cCI6MTcyMzQ3NjQ0NH0.c3aPkkwDcWGyu0zeweKpZWU8Pl3pC34L3eV3XE6c-YkAk8JklZ-beaewTerJx9WbNKQZyeovxaVdiCir3q8S8g');
INSERT INTO public.user_refresh_storage (email, refresh_token) VALUES ('ytube9504@gmail.com', 'eyJhbGciOiJIUzUxMiJ9.eyJzdWIiOiJ5dHViZTk1MDRAZ21haWwuY29tIiwiZXhwIjoxNzM3NDU5MTQxfQ.KGHgfVkK1EIgRjLqVpk2LkdkZfw4uQRToN9B1wgBQ71y9t_mcJZ9xX_nsfcQkROL4JhjD-Z3Si4m0DX6SkDa1Q');


--
-- TOC entry 3454 (class 0 OID 57929)
-- Dependencies: 233
-- Data for Name: users; Type: TABLE DATA; Schema: public; Owner: postgres
--

INSERT INTO public.users (age, birthday, city, country, district, first_name, last_name, registration_date, id, email, phone_number, telegram_short_name, device_token) VALUES (21, '2003-02-08', 'Краснодар', 'Россия', 'Карасунский', 'Дмитрий', 'Владарчук', '2024-07-05', '0113b52c-39bd-4b6a-822f-f5e5ad458b74', 'dima.lox@example.com', NULL, NULL, NULL);
INSERT INTO public.users (age, birthday, city, country, district, first_name, last_name, registration_date, id, email, phone_number, telegram_short_name, device_token) VALUES (21, '2003-01-17', 'Краснодар', 'Россия', 'Камсомольский', 'Александр', 'Емельяненко', '2024-07-05', '823576a0-0336-4354-9292-63850ed99937', 'alex.lox@example.com', NULL, NULL, NULL);
INSERT INTO public.users (age, birthday, city, country, district, first_name, last_name, registration_date, id, email, phone_number, telegram_short_name, device_token) VALUES (21, '2003-04-26', 'Краснодар', 'Россия', 'Северный', 'Максим', 'Сидоренко', '2024-07-09', '91511352-c656-4b2f-b5be-f79d34a0fedd', 'ytube9504@gmail.com', '79182842848', 'mattakvshi', NULL);


--
-- TOC entry 3460 (class 0 OID 0)
-- Dependencies: 217
-- Name: emergency_type_type_id_seq; Type: SEQUENCE SET; Schema: public; Owner: postgres
--

SELECT pg_catalog.setval('public.emergency_type_type_id_seq', 1, false);


--
-- TOC entry 3461 (class 0 OID 0)
-- Dependencies: 224
-- Name: notification_options_options_id_seq; Type: SEQUENCE SET; Schema: public; Owner: postgres
--

SELECT pg_catalog.setval('public.notification_options_options_id_seq', 1, false);


--
-- TOC entry 3243 (class 2606 OID 57846)
-- Name: communities communities_pkey; Type: CONSTRAINT; Schema: public; Owner: postgres
--

ALTER TABLE ONLY public.communities
    ADD CONSTRAINT communities_pkey PRIMARY KEY (id);


--
-- TOC entry 3245 (class 2606 OID 57853)
-- Name: community_account_data community_account_data_pkey; Type: CONSTRAINT; Schema: public; Owner: postgres
--

ALTER TABLE ONLY public.community_account_data
    ADD CONSTRAINT community_account_data_pkey PRIMARY KEY (community_account_id);


--
-- TOC entry 3251 (class 2606 OID 57860)
-- Name: community_refresh_storage community_refresh_storage_pkey; Type: CONSTRAINT; Schema: public; Owner: postgres
--

ALTER TABLE ONLY public.community_refresh_storage
    ADD CONSTRAINT community_refresh_storage_pkey PRIMARY KEY (email);


--
-- TOC entry 3253 (class 2606 OID 57868)
-- Name: emergency_type emergency_type_pkey; Type: CONSTRAINT; Schema: public; Owner: postgres
--

ALTER TABLE ONLY public.emergency_type
    ADD CONSTRAINT emergency_type_pkey PRIMARY KEY (type_id);


--
-- TOC entry 3255 (class 2606 OID 57879)
-- Name: groups groups_pkey; Type: CONSTRAINT; Schema: public; Owner: postgres
--

ALTER TABLE ONLY public.groups
    ADD CONSTRAINT groups_pkey PRIMARY KEY (group_id);


--
-- TOC entry 3257 (class 2606 OID 57893)
-- Name: notification_options notification_options_pkey; Type: CONSTRAINT; Schema: public; Owner: postgres
--

ALTER TABLE ONLY public.notification_options
    ADD CONSTRAINT notification_options_pkey PRIMARY KEY (options_id);


--
-- TOC entry 3259 (class 2606 OID 57900)
-- Name: notification_templates notification_templates_pkey; Type: CONSTRAINT; Schema: public; Owner: postgres
--

ALTER TABLE ONLY public.notification_templates
    ADD CONSTRAINT notification_templates_pkey PRIMARY KEY (template_id);


--
-- TOC entry 3261 (class 2606 OID 57905)
-- Name: owners_data owners_data_pkey; Type: CONSTRAINT; Schema: public; Owner: postgres
--

ALTER TABLE ONLY public.owners_data
    ADD CONSTRAINT owners_data_pkey PRIMARY KEY (id);


--
-- TOC entry 3247 (class 2606 OID 57939)
-- Name: community_account_data uk3d9ccce445lfav61mb19w65uy; Type: CONSTRAINT; Schema: public; Owner: postgres
--

ALTER TABLE ONLY public.community_account_data
    ADD CONSTRAINT uk3d9ccce445lfav61mb19w65uy UNIQUE (community_id);


--
-- TOC entry 3263 (class 2606 OID 57945)
-- Name: user_account_data uk6hh146ag5awqgecoqrpntv3es; Type: CONSTRAINT; Schema: public; Owner: postgres
--

ALTER TABLE ONLY public.user_account_data
    ADD CONSTRAINT uk6hh146ag5awqgecoqrpntv3es UNIQUE (user_id);


--
-- TOC entry 3265 (class 2606 OID 57943)
-- Name: user_account_data ukblgvy3nhr7573sifltqmhfi3n; Type: CONSTRAINT; Schema: public; Owner: postgres
--

ALTER TABLE ONLY public.user_account_data
    ADD CONSTRAINT ukblgvy3nhr7573sifltqmhfi3n UNIQUE (email);


--
-- TOC entry 3249 (class 2606 OID 57937)
-- Name: community_account_data ukjj224m5pkhnmf5jvr1mu4v2rh; Type: CONSTRAINT; Schema: public; Owner: postgres
--

ALTER TABLE ONLY public.community_account_data
    ADD CONSTRAINT ukjj224m5pkhnmf5jvr1mu4v2rh UNIQUE (email);


--
-- TOC entry 3267 (class 2606 OID 57918)
-- Name: user_account_data user_account_data_pkey; Type: CONSTRAINT; Schema: public; Owner: postgres
--

ALTER TABLE ONLY public.user_account_data
    ADD CONSTRAINT user_account_data_pkey PRIMARY KEY (user_account_id);


--
-- TOC entry 3269 (class 2606 OID 57928)
-- Name: user_refresh_storage user_refresh_storage_pkey; Type: CONSTRAINT; Schema: public; Owner: postgres
--

ALTER TABLE ONLY public.user_refresh_storage
    ADD CONSTRAINT user_refresh_storage_pkey PRIMARY KEY (email);


--
-- TOC entry 3271 (class 2606 OID 57935)
-- Name: users users_pkey; Type: CONSTRAINT; Schema: public; Owner: postgres
--

ALTER TABLE ONLY public.users
    ADD CONSTRAINT users_pkey PRIMARY KEY (id);


--
-- TOC entry 3290 (class 2606 OID 58036)
-- Name: user_friends fk11y5boh1e7gh60rdqixyetv3x; Type: FK CONSTRAINT; Schema: public; Owner: postgres
--

ALTER TABLE ONLY public.user_friends
    ADD CONSTRAINT fk11y5boh1e7gh60rdqixyetv3x FOREIGN KEY (friend_id) REFERENCES public.users(id);


--
-- TOC entry 3279 (class 2606 OID 57986)
-- Name: groups_members fk1s7vpypr4cpoitcoryuphu47p; Type: FK CONSTRAINT; Schema: public; Owner: postgres
--

ALTER TABLE ONLY public.groups_members
    ADD CONSTRAINT fk1s7vpypr4cpoitcoryuphu47p FOREIGN KEY (group_id) REFERENCES public.groups(group_id);


--
-- TOC entry 3276 (class 2606 OID 57971)
-- Name: friend_requests_sent fk2hgxknjcw9pv09j3hjsue9tg1; Type: FK CONSTRAINT; Schema: public; Owner: postgres
--

ALTER TABLE ONLY public.friend_requests_sent
    ADD CONSTRAINT fk2hgxknjcw9pv09j3hjsue9tg1 FOREIGN KEY (user_id) REFERENCES public.users(id);


--
-- TOC entry 3281 (class 2606 OID 57991)
-- Name: monitored_emergency fk2n130mywkw8pf0cfgnovdljg2; Type: FK CONSTRAINT; Schema: public; Owner: postgres
--

ALTER TABLE ONLY public.monitored_emergency
    ADD CONSTRAINT fk2n130mywkw8pf0cfgnovdljg2 FOREIGN KEY (type_id) REFERENCES public.emergency_type(type_id);


--
-- TOC entry 3277 (class 2606 OID 57966)
-- Name: friend_requests_sent fk3k5xmwxs9rd17yg2jbleqlltq; Type: FK CONSTRAINT; Schema: public; Owner: postgres
--

ALTER TABLE ONLY public.friend_requests_sent
    ADD CONSTRAINT fk3k5xmwxs9rd17yg2jbleqlltq FOREIGN KEY (receiver_id) REFERENCES public.users(id);


--
-- TOC entry 3280 (class 2606 OID 57981)
-- Name: groups_members fk4cc1uaype9m8649rrnlxrnqoc; Type: FK CONSTRAINT; Schema: public; Owner: postgres
--

ALTER TABLE ONLY public.groups_members
    ADD CONSTRAINT fk4cc1uaype9m8649rrnlxrnqoc FOREIGN KEY (user_id) REFERENCES public.users(id);


--
-- TOC entry 3289 (class 2606 OID 58031)
-- Name: user_account_data fk60v31bfr7hh057ybjpu9f7iku; Type: FK CONSTRAINT; Schema: public; Owner: postgres
--

ALTER TABLE ONLY public.user_account_data
    ADD CONSTRAINT fk60v31bfr7hh057ybjpu9f7iku FOREIGN KEY (user_id) REFERENCES public.users(id);


--
-- TOC entry 3287 (class 2606 OID 58021)
-- Name: subscribers_subscriptions fk69o828f8lrepyboeqbk93b43e; Type: FK CONSTRAINT; Schema: public; Owner: postgres
--

ALTER TABLE ONLY public.subscribers_subscriptions
    ADD CONSTRAINT fk69o828f8lrepyboeqbk93b43e FOREIGN KEY (community_id) REFERENCES public.communities(id);


--
-- TOC entry 3285 (class 2606 OID 58011)
-- Name: selected_options fkbifho0psvsxt4ualgmpgb0b7f; Type: FK CONSTRAINT; Schema: public; Owner: postgres
--

ALTER TABLE ONLY public.selected_options
    ADD CONSTRAINT fkbifho0psvsxt4ualgmpgb0b7f FOREIGN KEY (options_id) REFERENCES public.notification_options(options_id);


--
-- TOC entry 3282 (class 2606 OID 57996)
-- Name: monitored_emergency fkd1of5ddelf3q6pa3qhlffu864; Type: FK CONSTRAINT; Schema: public; Owner: postgres
--

ALTER TABLE ONLY public.monitored_emergency
    ADD CONSTRAINT fkd1of5ddelf3q6pa3qhlffu864 FOREIGN KEY (community_id) REFERENCES public.communities(id);


--
-- TOC entry 3288 (class 2606 OID 58026)
-- Name: subscribers_subscriptions fkdsd8vnvhikt213x0d2cobfh5; Type: FK CONSTRAINT; Schema: public; Owner: postgres
--

ALTER TABLE ONLY public.subscribers_subscriptions
    ADD CONSTRAINT fkdsd8vnvhikt213x0d2cobfh5 FOREIGN KEY (user_id) REFERENCES public.users(id);


--
-- TOC entry 3286 (class 2606 OID 58016)
-- Name: selected_options fkf5wq5i6s8g2k15tts601oy8ll; Type: FK CONSTRAINT; Schema: public; Owner: postgres
--

ALTER TABLE ONLY public.selected_options
    ADD CONSTRAINT fkf5wq5i6s8g2k15tts601oy8ll FOREIGN KEY (user_id) REFERENCES public.users(id);


--
-- TOC entry 3283 (class 2606 OID 58006)
-- Name: notification_templates fkj04gqk2pai297kkxc7g8daecq; Type: FK CONSTRAINT; Schema: public; Owner: postgres
--

ALTER TABLE ONLY public.notification_templates
    ADD CONSTRAINT fkj04gqk2pai297kkxc7g8daecq FOREIGN KEY (owner_id) REFERENCES public.owners_data(id);


--
-- TOC entry 3292 (class 2606 OID 58046)
-- Name: users fkj1s0uxf4pym5k6sqf58a7acdg; Type: FK CONSTRAINT; Schema: public; Owner: postgres
--

ALTER TABLE ONLY public.users
    ADD CONSTRAINT fkj1s0uxf4pym5k6sqf58a7acdg FOREIGN KEY (id) REFERENCES public.owners_data(id);


--
-- TOC entry 3291 (class 2606 OID 58041)
-- Name: user_friends fkk08ugelrh9cea1oew3hgxryw2; Type: FK CONSTRAINT; Schema: public; Owner: postgres
--

ALTER TABLE ONLY public.user_friends
    ADD CONSTRAINT fkk08ugelrh9cea1oew3hgxryw2 FOREIGN KEY (user_id) REFERENCES public.users(id);


--
-- TOC entry 3278 (class 2606 OID 57976)
-- Name: groups fkke9gpecgx7u1oef8lsd9tax3c; Type: FK CONSTRAINT; Schema: public; Owner: postgres
--

ALTER TABLE ONLY public.groups
    ADD CONSTRAINT fkke9gpecgx7u1oef8lsd9tax3c FOREIGN KEY (owner_id) REFERENCES public.users(id);


--
-- TOC entry 3272 (class 2606 OID 57946)
-- Name: communities fklyvetlxecl0y92m40clpjq0ja; Type: FK CONSTRAINT; Schema: public; Owner: postgres
--

ALTER TABLE ONLY public.communities
    ADD CONSTRAINT fklyvetlxecl0y92m40clpjq0ja FOREIGN KEY (id) REFERENCES public.owners_data(id);


--
-- TOC entry 3274 (class 2606 OID 57956)
-- Name: friend_requests_received fkm36na7e5r1clexiey4nfelkex; Type: FK CONSTRAINT; Schema: public; Owner: postgres
--

ALTER TABLE ONLY public.friend_requests_received
    ADD CONSTRAINT fkm36na7e5r1clexiey4nfelkex FOREIGN KEY (sender_id) REFERENCES public.users(id);


--
-- TOC entry 3284 (class 2606 OID 58001)
-- Name: notification_templates fkou3ey6f7dkl83p2c6ctus03rx; Type: FK CONSTRAINT; Schema: public; Owner: postgres
--

ALTER TABLE ONLY public.notification_templates
    ADD CONSTRAINT fkou3ey6f7dkl83p2c6ctus03rx FOREIGN KEY (emergency_type_id) REFERENCES public.emergency_type(type_id);


--
-- TOC entry 3275 (class 2606 OID 57961)
-- Name: friend_requests_received fkqhdqm9wyucshb4okj01qp50kg; Type: FK CONSTRAINT; Schema: public; Owner: postgres
--

ALTER TABLE ONLY public.friend_requests_received
    ADD CONSTRAINT fkqhdqm9wyucshb4okj01qp50kg FOREIGN KEY (user_id) REFERENCES public.users(id);


--
-- TOC entry 3273 (class 2606 OID 57951)
-- Name: community_account_data fkx7ywt92uk65oak3tvxeuy5v1; Type: FK CONSTRAINT; Schema: public; Owner: postgres
--

ALTER TABLE ONLY public.community_account_data
    ADD CONSTRAINT fkx7ywt92uk65oak3tvxeuy5v1 FOREIGN KEY (community_id) REFERENCES public.communities(id);


-- Completed on 2024-12-22 14:51:14

--
-- PostgreSQL database dump complete
--

