--
-- PostgreSQL database dump
--

-- Dumped from database version 17.2 (Debian 17.2-1.pgdg120+1)
-- Dumped by pg_dump version 17.2 (Debian 17.2-1.pgdg120+1)

SET statement_timeout = 0;
SET lock_timeout = 0;
SET idle_in_transaction_session_timeout = 0;
SET transaction_timeout = 0;
SET client_encoding = 'UTF8';
SET standard_conforming_strings = on;
SELECT pg_catalog.set_config('search_path', '', false);
SET check_function_bodies = false;
SET xmloption = content;
SET client_min_messages = warning;
SET row_security = off;

SET default_tablespace = '';

SET default_table_access_method = heap;

--
-- Name: communities; Type: TABLE; Schema: public; Owner: postgres
--

CREATE TABLE public.communities (
    city character varying(255),
    community_name character varying(255),
    country character varying(255),
    description character varying(255),
    district character varying(255),
    registration_date date,
    id uuid NOT NULL
);


ALTER TABLE public.communities OWNER TO postgres;

--
-- Name: community_account_data; Type: TABLE; Schema: public; Owner: postgres
--

CREATE TABLE public.community_account_data (
    community_account_id uuid NOT NULL,
    authenticated boolean NOT NULL,
    email character varying(255) NOT NULL,
    password character varying(255),
    community_id uuid
);


ALTER TABLE public.community_account_data OWNER TO postgres;

--
-- Name: community_refresh_storage; Type: TABLE; Schema: public; Owner: postgres
--

CREATE TABLE public.community_refresh_storage (
    email character varying(255) NOT NULL,
    refresh_token character varying(255)
);


ALTER TABLE public.community_refresh_storage OWNER TO postgres;

--
-- Name: emergency_type; Type: TABLE; Schema: public; Owner: postgres
--

CREATE TABLE public.emergency_type (
    type_id integer NOT NULL,
    bg_color character varying(255),
    color character varying(255),
    title character varying(255)
);


ALTER TABLE public.emergency_type OWNER TO postgres;

--
-- Name: emergency_type_type_id_seq; Type: SEQUENCE; Schema: public; Owner: postgres
--

ALTER TABLE public.emergency_type ALTER COLUMN type_id ADD GENERATED BY DEFAULT AS IDENTITY (
    SEQUENCE NAME public.emergency_type_type_id_seq
    START WITH 1
    INCREMENT BY 1
    NO MINVALUE
    NO MAXVALUE
    CACHE 1
);


--
-- Name: friend_requests_received; Type: TABLE; Schema: public; Owner: postgres
--

CREATE TABLE public.friend_requests_received (
    user_id uuid NOT NULL,
    sender_id uuid NOT NULL
);


ALTER TABLE public.friend_requests_received OWNER TO postgres;

--
-- Name: friend_requests_sent; Type: TABLE; Schema: public; Owner: postgres
--

CREATE TABLE public.friend_requests_sent (
    user_id uuid NOT NULL,
    receiver_id uuid NOT NULL
);


ALTER TABLE public.friend_requests_sent OWNER TO postgres;

--
-- Name: groups; Type: TABLE; Schema: public; Owner: postgres
--

CREATE TABLE public.groups (
    group_id uuid NOT NULL,
    group_name character varying(255),
    owner_id uuid
);


ALTER TABLE public.groups OWNER TO postgres;

--
-- Name: groups_members; Type: TABLE; Schema: public; Owner: postgres
--

CREATE TABLE public.groups_members (
    group_id uuid NOT NULL,
    user_id uuid NOT NULL
);


ALTER TABLE public.groups_members OWNER TO postgres;

--
-- Name: monitored_emergency; Type: TABLE; Schema: public; Owner: postgres
--

CREATE TABLE public.monitored_emergency (
    community_id uuid NOT NULL,
    type_id integer NOT NULL
);


ALTER TABLE public.monitored_emergency OWNER TO postgres;

--
-- Name: notification_options; Type: TABLE; Schema: public; Owner: postgres
--

CREATE TABLE public.notification_options (
    options_id integer NOT NULL,
    bg_color character varying(255),
    bg_color_dark character varying(255),
    color character varying(255),
    color_dark character varying(255),
    title character varying(255)
);


ALTER TABLE public.notification_options OWNER TO postgres;

--
-- Name: notification_options_options_id_seq; Type: SEQUENCE; Schema: public; Owner: postgres
--

ALTER TABLE public.notification_options ALTER COLUMN options_id ADD GENERATED BY DEFAULT AS IDENTITY (
    SEQUENCE NAME public.notification_options_options_id_seq
    START WITH 1
    INCREMENT BY 1
    NO MINVALUE
    NO MAXVALUE
    CACHE 1
);


--
-- Name: notification_templates; Type: TABLE; Schema: public; Owner: postgres
--

CREATE TABLE public.notification_templates (
    template_id uuid NOT NULL,
    notification_message character varying(255),
    template_name character varying(255),
    emergency_type_id integer,
    owner_id uuid
);


ALTER TABLE public.notification_templates OWNER TO postgres;

--
-- Name: owners_data; Type: TABLE; Schema: public; Owner: postgres
--

CREATE TABLE public.owners_data (
    id uuid NOT NULL
);


ALTER TABLE public.owners_data OWNER TO postgres;

--
-- Name: selected_options; Type: TABLE; Schema: public; Owner: postgres
--

CREATE TABLE public.selected_options (
    user_id uuid NOT NULL,
    options_id integer NOT NULL
);


ALTER TABLE public.selected_options OWNER TO postgres;

--
-- Name: subscribers_subscriptions; Type: TABLE; Schema: public; Owner: postgres
--

CREATE TABLE public.subscribers_subscriptions (
    user_id uuid NOT NULL,
    community_id uuid NOT NULL
);


ALTER TABLE public.subscribers_subscriptions OWNER TO postgres;

--
-- Name: user_account_data; Type: TABLE; Schema: public; Owner: postgres
--

CREATE TABLE public.user_account_data (
    user_account_id uuid NOT NULL,
    authenticated boolean NOT NULL,
    email character varying(255) NOT NULL,
    password character varying(255),
    user_id uuid
);


ALTER TABLE public.user_account_data OWNER TO postgres;

--
-- Name: user_friends; Type: TABLE; Schema: public; Owner: postgres
--

CREATE TABLE public.user_friends (
    user_id uuid NOT NULL,
    friend_id uuid NOT NULL
);


ALTER TABLE public.user_friends OWNER TO postgres;

--
-- Name: user_refresh_storage; Type: TABLE; Schema: public; Owner: postgres
--

CREATE TABLE public.user_refresh_storage (
    email character varying(255) NOT NULL,
    refresh_token character varying(255)
);


ALTER TABLE public.user_refresh_storage OWNER TO postgres;

--
-- Name: users; Type: TABLE; Schema: public; Owner: postgres
--

CREATE TABLE public.users (
    age integer,
    birthday date,
    city character varying(255),
    country character varying(255),
    district character varying(255),
    first_name character varying(255),
    last_name character varying(255),
    registration_date date,
    id uuid NOT NULL,
    email character varying(255),
    phone_number character varying(255),
    telegram_short_name character varying(255),
    device_token character varying(255)
);


ALTER TABLE public.users OWNER TO postgres;

--
-- Data for Name: communities; Type: TABLE DATA; Schema: public; Owner: postgres
--

COPY public.communities (city, community_name, country, description, district, registration_date, id) FROM stdin;
\N	OOO Где-то долбануло	Россия	\N	\N	2024-07-05	69ac213b-99a1-42d0-96fa-999c7cc69fa0
\.


--
-- Data for Name: community_account_data; Type: TABLE DATA; Schema: public; Owner: postgres
--

COPY public.community_account_data (community_account_id, authenticated, email, password, community_id) FROM stdin;
f37a23e7-5f0b-4ade-9dcd-e57ac2c0b58e	f	gdetodolbanulo@example.com	$2a$10$Oj/LTp78EjBXjQGTYy9RtuWcNlQbwDBuDOCWwwEduPCxoKinZzmQ6	69ac213b-99a1-42d0-96fa-999c7cc69fa0
\.


--
-- Data for Name: community_refresh_storage; Type: TABLE DATA; Schema: public; Owner: postgres
--

COPY public.community_refresh_storage (email, refresh_token) FROM stdin;
gdetodolbanulo@example.com	eyJhbGciOiJIUzUxMiJ9.eyJzdWIiOiJnZGV0b2RvbGJhbnVsb0BleGFtcGxlLmNvbSIsImV4cCI6MTc0MzM0NjQzM30.fy_XFDW2R4TKo0DYYmJZZ4esBNVAQ4w9GT8lGCSTKl2OBa7ezEtiyZLutTddtkGIkr7oB2sY9hpDwbru_vuF6A
\.


--
-- Data for Name: emergency_type; Type: TABLE DATA; Schema: public; Owner: postgres
--

COPY public.emergency_type (type_id, bg_color, color, title) FROM stdin;
1	rgb(18%, 22%, 29%, 0.3)	#2D384A	Earthquake
2	rgb(13%, 20%, 40%, 0.3)	#236	Flood
3	rgb(13%, 27%, 47%, 0.3)	#214678	Tsunami
4	rgb(35%, 36%, 51%, 0.3)	#595B82	Hurricane
5	rgb(100%, 30%, 17%, 0.3)	#FF4C2B	Forest fire
6	rgb(59%, 33%, 26%, 0.3)	#965443	Terrorist attack
\.


--
-- Data for Name: friend_requests_received; Type: TABLE DATA; Schema: public; Owner: postgres
--

COPY public.friend_requests_received (user_id, sender_id) FROM stdin;
91511352-c656-4b2f-b5be-f79d34a0fedd	521fcb68-52cf-4b79-ae20-aac0402383bc
\.


--
-- Data for Name: friend_requests_sent; Type: TABLE DATA; Schema: public; Owner: postgres
--

COPY public.friend_requests_sent (user_id, receiver_id) FROM stdin;
521fcb68-52cf-4b79-ae20-aac0402383bc	91511352-c656-4b2f-b5be-f79d34a0fedd
\.


--
-- Data for Name: groups; Type: TABLE DATA; Schema: public; Owner: postgres
--

COPY public.groups (group_id, group_name, owner_id) FROM stdin;
c045cd9c-0488-4689-b389-a8fb8e95dc48	Одногруппники	91511352-c656-4b2f-b5be-f79d34a0fedd
898a40d2-2703-4bae-96ec-56366e964e6b	Тестовая группа	91511352-c656-4b2f-b5be-f79d34a0fedd
606cafe7-fa08-426f-979d-7b13cb9afc6b	Голандский фрегат	91511352-c656-4b2f-b5be-f79d34a0fedd
\.


--
-- Data for Name: groups_members; Type: TABLE DATA; Schema: public; Owner: postgres
--

COPY public.groups_members (group_id, user_id) FROM stdin;
c045cd9c-0488-4689-b389-a8fb8e95dc48	823576a0-0336-4354-9292-63850ed99937
c045cd9c-0488-4689-b389-a8fb8e95dc48	0113b52c-39bd-4b6a-822f-f5e5ad458b74
898a40d2-2703-4bae-96ec-56366e964e6b	823576a0-0336-4354-9292-63850ed99937
898a40d2-2703-4bae-96ec-56366e964e6b	0113b52c-39bd-4b6a-822f-f5e5ad458b74
606cafe7-fa08-426f-979d-7b13cb9afc6b	823576a0-0336-4354-9292-63850ed99937
606cafe7-fa08-426f-979d-7b13cb9afc6b	0113b52c-39bd-4b6a-822f-f5e5ad458b74
606cafe7-fa08-426f-979d-7b13cb9afc6b	9bdb7e5c-2c43-4ad9-a5d6-178e52ca99a3
\.


--
-- Data for Name: monitored_emergency; Type: TABLE DATA; Schema: public; Owner: postgres
--

COPY public.monitored_emergency (community_id, type_id) FROM stdin;
69ac213b-99a1-42d0-96fa-999c7cc69fa0	1
\.


--
-- Data for Name: notification_options; Type: TABLE DATA; Schema: public; Owner: postgres
--

COPY public.notification_options (options_id, bg_color, bg_color_dark, color, color_dark, title) FROM stdin;
1	rgb(16%, 31%, 45%, 0.3)	rgb(96%, 96%, 96%, 0.6)	#294F74	#152376	Telegram
2	rgb(35%, 36%, 51%, 0.3)	rgb(52%, 14%, 32%, 0.7)	#595B82	#f55477	Email
3	rgb(100%, 30%, 17%, 0.3)	rgb(100%, 30%, 17%, 0.45)	#FF4C2B	#FF4C2B	Mobile Notification
\.


--
-- Data for Name: notification_templates; Type: TABLE DATA; Schema: public; Owner: postgres
--

COPY public.notification_templates (template_id, notification_message, template_name, emergency_type_id, owner_id) FROM stdin;
7629440c-a90c-4d55-ab7e-d9ab36a0bd94	Attention, in 1 there will be a tectonic impact of 9 points.	Earthquake in Turkish.	1	0113b52c-39bd-4b6a-822f-f5e5ad458b74
d8cca1c9-74a8-441c-ac00-3eab0ba96809	Attention, in 1 there will be a tectonic impact of 10 points.	Earthquake in USA.	1	69ac213b-99a1-42d0-96fa-999c7cc69fa0
\.


--
-- Data for Name: owners_data; Type: TABLE DATA; Schema: public; Owner: postgres
--

COPY public.owners_data (id) FROM stdin;
823576a0-0336-4354-9292-63850ed99937
0113b52c-39bd-4b6a-822f-f5e5ad458b74
69ac213b-99a1-42d0-96fa-999c7cc69fa0
91511352-c656-4b2f-b5be-f79d34a0fedd
9bdb7e5c-2c43-4ad9-a5d6-178e52ca99a3
521fcb68-52cf-4b79-ae20-aac0402383bc
\.


--
-- Data for Name: selected_options; Type: TABLE DATA; Schema: public; Owner: postgres
--

COPY public.selected_options (user_id, options_id) FROM stdin;
823576a0-0336-4354-9292-63850ed99937	1
823576a0-0336-4354-9292-63850ed99937	2
823576a0-0336-4354-9292-63850ed99937	3
0113b52c-39bd-4b6a-822f-f5e5ad458b74	2
0113b52c-39bd-4b6a-822f-f5e5ad458b74	3
91511352-c656-4b2f-b5be-f79d34a0fedd	1
91511352-c656-4b2f-b5be-f79d34a0fedd	2
91511352-c656-4b2f-b5be-f79d34a0fedd	3
9bdb7e5c-2c43-4ad9-a5d6-178e52ca99a3	1
9bdb7e5c-2c43-4ad9-a5d6-178e52ca99a3	2
9bdb7e5c-2c43-4ad9-a5d6-178e52ca99a3	3
521fcb68-52cf-4b79-ae20-aac0402383bc	1
521fcb68-52cf-4b79-ae20-aac0402383bc	2
521fcb68-52cf-4b79-ae20-aac0402383bc	3
\.


--
-- Data for Name: subscribers_subscriptions; Type: TABLE DATA; Schema: public; Owner: postgres
--

COPY public.subscribers_subscriptions (user_id, community_id) FROM stdin;
0113b52c-39bd-4b6a-822f-f5e5ad458b74	69ac213b-99a1-42d0-96fa-999c7cc69fa0
823576a0-0336-4354-9292-63850ed99937	69ac213b-99a1-42d0-96fa-999c7cc69fa0
91511352-c656-4b2f-b5be-f79d34a0fedd	69ac213b-99a1-42d0-96fa-999c7cc69fa0
\.


--
-- Data for Name: user_account_data; Type: TABLE DATA; Schema: public; Owner: postgres
--

COPY public.user_account_data (user_account_id, authenticated, email, password, user_id) FROM stdin;
e45bb9dd-ddb8-4d8a-877e-1cd4379271ce	f	alex.lox@example.com	$2a$10$WQxky1ZK92Shff3h86FUqeUrwDS2qv/TWSqJwy9hT/gYzNxgWjmaG	823576a0-0336-4354-9292-63850ed99937
5c35a63e-3952-47a8-84c4-142d49400362	f	dima.lox@example.com	$2a$10$s3mXDLeIH67FIV6BSbXTdetXT1QmSHtkJwD/0QYbfw4RtwgNSUSLK	0113b52c-39bd-4b6a-822f-f5e5ad458b74
7a908548-9b74-4f95-9a44-c971b07dfb19	f	ytube9504@gmail.com	$2a$10$l4/WaomI9t8wUT47qYqzKOalX0qG1OISyd.1YiapGhtRPd8mJsPHe	91511352-c656-4b2f-b5be-f79d34a0fedd
4f5f121d-518f-4271-9764-4d84d7523cd3	f	erushevivan@mail.ru	$2a$10$o2BMnKcKY6u3uLjmCqzC2O0tXJqt9qTO8sWcm5F2JpVN0z4MVkTr6	9bdb7e5c-2c43-4ad9-a5d6-178e52ca99a3
1d0190a9-3cde-4ada-a493-a0b09683a9f8	f	you.chetam@example.com	$2a$10$ZceJG3ocSa.eIlg.QRPnw..Yuoe.PhE5fzBJtbBbz/9FxW88mEeA2	521fcb68-52cf-4b79-ae20-aac0402383bc
\.


--
-- Data for Name: user_friends; Type: TABLE DATA; Schema: public; Owner: postgres
--

COPY public.user_friends (user_id, friend_id) FROM stdin;
823576a0-0336-4354-9292-63850ed99937	0113b52c-39bd-4b6a-822f-f5e5ad458b74
823576a0-0336-4354-9292-63850ed99937	91511352-c656-4b2f-b5be-f79d34a0fedd
0113b52c-39bd-4b6a-822f-f5e5ad458b74	823576a0-0336-4354-9292-63850ed99937
0113b52c-39bd-4b6a-822f-f5e5ad458b74	91511352-c656-4b2f-b5be-f79d34a0fedd
91511352-c656-4b2f-b5be-f79d34a0fedd	823576a0-0336-4354-9292-63850ed99937
91511352-c656-4b2f-b5be-f79d34a0fedd	0113b52c-39bd-4b6a-822f-f5e5ad458b74
91511352-c656-4b2f-b5be-f79d34a0fedd	9bdb7e5c-2c43-4ad9-a5d6-178e52ca99a3
9bdb7e5c-2c43-4ad9-a5d6-178e52ca99a3	91511352-c656-4b2f-b5be-f79d34a0fedd
\.


--
-- Data for Name: user_refresh_storage; Type: TABLE DATA; Schema: public; Owner: postgres
--

COPY public.user_refresh_storage (email, refresh_token) FROM stdin;
dima.lox@example.com	eyJhbGciOiJIUzUxMiJ9.eyJzdWIiOiJkaW1hLmxveEBleGFtcGxlLmNvbSIsImV4cCI6MTcyMzQ3NjQxOH0.cHjWuBNnlcmLrnqlvdpd2PGYHU-LadYCtbjb20E5svPbuxDwBeieV3h4CCxUSTNAQ-3TAhQ1QA7jKphJjiDXYw
alex.lox@example.com	eyJhbGciOiJIUzUxMiJ9.eyJzdWIiOiJhbGV4LmxveEBleGFtcGxlLmNvbSIsImV4cCI6MTcyMzQ3NjQ0NH0.c3aPkkwDcWGyu0zeweKpZWU8Pl3pC34L3eV3XE6c-YkAk8JklZ-beaewTerJx9WbNKQZyeovxaVdiCir3q8S8g
you.chetam@example.com	eyJhbGciOiJIUzUxMiJ9.eyJzdWIiOiJ5b3UuY2hldGFtQGV4YW1wbGUuY29tIiwiZXhwIjoxNzQ5ODEzMjA0fQ.TQhj9cUFD5jsYft_Yl0mI-sGu0nYVZo31QowkK5pDqr2IC5LSNA98HFcRLt8HQy7uMqgXgUt0utkCqRouhmQnA
erushevivan@mail.ru	eyJhbGciOiJIUzUxMiJ9.eyJzdWIiOiJlcnVzaGV2aXZhbkBtYWlsLnJ1IiwiZXhwIjoxNzQ5ODE1NjA3fQ.7kXyOYyp_3QLK-dgpbd-hoYDuPXYwTLrMy3pVCa4hpUNu8Zf6pG803vJSJLtXmvoWBQZ4x0IPs8Ctf8K5qBZOg
ytube9504@gmail.com	eyJhbGciOiJIUzUxMiJ9.eyJzdWIiOiJ5dHViZTk1MDRAZ21haWwuY29tIiwiZXhwIjoxNzQ5ODE2MDkyfQ.1vSmY2dEY_0_tABW5uAt6INWN8cf23X856yCxJhZshuJPPG8kN-3KswTd78lYQoHXXSgQ5n2RSNuUtCPNmEx0w
\.


--
-- Data for Name: users; Type: TABLE DATA; Schema: public; Owner: postgres
--

COPY public.users (age, birthday, city, country, district, first_name, last_name, registration_date, id, email, phone_number, telegram_short_name, device_token) FROM stdin;
21	2003-02-08	Краснодар	Россия	Карасунский	Дмитрий	Владарчук	2024-07-05	0113b52c-39bd-4b6a-822f-f5e5ad458b74	dima@example.com	\N	\N	\N
21	2003-01-17	Краснодар	Россия	Камсомольский	Александр	Емельяненко	2024-07-05	823576a0-0336-4354-9292-63850ed99937	alex@example.com	\N	\N	\N
22	2002-10-21	Краснодар	Россия	Северный	Иван	Ерюшев	2025-04-19	9bdb7e5c-2c43-4ad9-a5d6-178e52ca99a3	erushevivan@mail.ru	+7 (918) 265-55-48	Joja2FloppaLover	\N
22	2003-04-26	Краснодар	Россия	Северный	Максим	Сидоренко	2024-07-09	91511352-c656-4b2f-b5be-f79d34a0fedd	ytube9504@gmail.com	79182842848	mattakvshi	jm1l2k45j4l;3214k32
25	2000-04-30	Краснодар	Россия	Да	Рыркырсыр	ЙоуЙоуЙоу	2025-05-14	521fcb68-52cf-4b79-ae20-aac0402383bc	you.chetam@example.com	\N	\N	\N
\.


--
-- Name: emergency_type_type_id_seq; Type: SEQUENCE SET; Schema: public; Owner: postgres
--

SELECT pg_catalog.setval('public.emergency_type_type_id_seq', 1, false);


--
-- Name: notification_options_options_id_seq; Type: SEQUENCE SET; Schema: public; Owner: postgres
--

SELECT pg_catalog.setval('public.notification_options_options_id_seq', 1, false);


--
-- Name: communities communities_pkey; Type: CONSTRAINT; Schema: public; Owner: postgres
--

ALTER TABLE ONLY public.communities
    ADD CONSTRAINT communities_pkey PRIMARY KEY (id);


--
-- Name: community_account_data community_account_data_pkey; Type: CONSTRAINT; Schema: public; Owner: postgres
--

ALTER TABLE ONLY public.community_account_data
    ADD CONSTRAINT community_account_data_pkey PRIMARY KEY (community_account_id);


--
-- Name: community_refresh_storage community_refresh_storage_pkey; Type: CONSTRAINT; Schema: public; Owner: postgres
--

ALTER TABLE ONLY public.community_refresh_storage
    ADD CONSTRAINT community_refresh_storage_pkey PRIMARY KEY (email);


--
-- Name: emergency_type emergency_type_pkey; Type: CONSTRAINT; Schema: public; Owner: postgres
--

ALTER TABLE ONLY public.emergency_type
    ADD CONSTRAINT emergency_type_pkey PRIMARY KEY (type_id);


--
-- Name: groups groups_pkey; Type: CONSTRAINT; Schema: public; Owner: postgres
--

ALTER TABLE ONLY public.groups
    ADD CONSTRAINT groups_pkey PRIMARY KEY (group_id);


--
-- Name: notification_options notification_options_pkey; Type: CONSTRAINT; Schema: public; Owner: postgres
--

ALTER TABLE ONLY public.notification_options
    ADD CONSTRAINT notification_options_pkey PRIMARY KEY (options_id);


--
-- Name: notification_templates notification_templates_pkey; Type: CONSTRAINT; Schema: public; Owner: postgres
--

ALTER TABLE ONLY public.notification_templates
    ADD CONSTRAINT notification_templates_pkey PRIMARY KEY (template_id);


--
-- Name: owners_data owners_data_pkey; Type: CONSTRAINT; Schema: public; Owner: postgres
--

ALTER TABLE ONLY public.owners_data
    ADD CONSTRAINT owners_data_pkey PRIMARY KEY (id);


--
-- Name: community_account_data uk3d9ccce445lfav61mb19w65uy; Type: CONSTRAINT; Schema: public; Owner: postgres
--

ALTER TABLE ONLY public.community_account_data
    ADD CONSTRAINT uk3d9ccce445lfav61mb19w65uy UNIQUE (community_id);


--
-- Name: user_account_data uk6hh146ag5awqgecoqrpntv3es; Type: CONSTRAINT; Schema: public; Owner: postgres
--

ALTER TABLE ONLY public.user_account_data
    ADD CONSTRAINT uk6hh146ag5awqgecoqrpntv3es UNIQUE (user_id);


--
-- Name: user_account_data ukblgvy3nhr7573sifltqmhfi3n; Type: CONSTRAINT; Schema: public; Owner: postgres
--

ALTER TABLE ONLY public.user_account_data
    ADD CONSTRAINT ukblgvy3nhr7573sifltqmhfi3n UNIQUE (email);


--
-- Name: community_account_data ukjj224m5pkhnmf5jvr1mu4v2rh; Type: CONSTRAINT; Schema: public; Owner: postgres
--

ALTER TABLE ONLY public.community_account_data
    ADD CONSTRAINT ukjj224m5pkhnmf5jvr1mu4v2rh UNIQUE (email);


--
-- Name: user_account_data user_account_data_pkey; Type: CONSTRAINT; Schema: public; Owner: postgres
--

ALTER TABLE ONLY public.user_account_data
    ADD CONSTRAINT user_account_data_pkey PRIMARY KEY (user_account_id);


--
-- Name: user_refresh_storage user_refresh_storage_pkey; Type: CONSTRAINT; Schema: public; Owner: postgres
--

ALTER TABLE ONLY public.user_refresh_storage
    ADD CONSTRAINT user_refresh_storage_pkey PRIMARY KEY (email);


--
-- Name: users users_pkey; Type: CONSTRAINT; Schema: public; Owner: postgres
--

ALTER TABLE ONLY public.users
    ADD CONSTRAINT users_pkey PRIMARY KEY (id);


--
-- Name: user_friends fk11y5boh1e7gh60rdqixyetv3x; Type: FK CONSTRAINT; Schema: public; Owner: postgres
--

ALTER TABLE ONLY public.user_friends
    ADD CONSTRAINT fk11y5boh1e7gh60rdqixyetv3x FOREIGN KEY (friend_id) REFERENCES public.users(id);


--
-- Name: groups_members fk1s7vpypr4cpoitcoryuphu47p; Type: FK CONSTRAINT; Schema: public; Owner: postgres
--

ALTER TABLE ONLY public.groups_members
    ADD CONSTRAINT fk1s7vpypr4cpoitcoryuphu47p FOREIGN KEY (group_id) REFERENCES public.groups(group_id);


--
-- Name: friend_requests_sent fk2hgxknjcw9pv09j3hjsue9tg1; Type: FK CONSTRAINT; Schema: public; Owner: postgres
--

ALTER TABLE ONLY public.friend_requests_sent
    ADD CONSTRAINT fk2hgxknjcw9pv09j3hjsue9tg1 FOREIGN KEY (user_id) REFERENCES public.users(id);


--
-- Name: monitored_emergency fk2n130mywkw8pf0cfgnovdljg2; Type: FK CONSTRAINT; Schema: public; Owner: postgres
--

ALTER TABLE ONLY public.monitored_emergency
    ADD CONSTRAINT fk2n130mywkw8pf0cfgnovdljg2 FOREIGN KEY (type_id) REFERENCES public.emergency_type(type_id);


--
-- Name: friend_requests_sent fk3k5xmwxs9rd17yg2jbleqlltq; Type: FK CONSTRAINT; Schema: public; Owner: postgres
--

ALTER TABLE ONLY public.friend_requests_sent
    ADD CONSTRAINT fk3k5xmwxs9rd17yg2jbleqlltq FOREIGN KEY (receiver_id) REFERENCES public.users(id);


--
-- Name: groups_members fk4cc1uaype9m8649rrnlxrnqoc; Type: FK CONSTRAINT; Schema: public; Owner: postgres
--

ALTER TABLE ONLY public.groups_members
    ADD CONSTRAINT fk4cc1uaype9m8649rrnlxrnqoc FOREIGN KEY (user_id) REFERENCES public.users(id);


--
-- Name: user_account_data fk60v31bfr7hh057ybjpu9f7iku; Type: FK CONSTRAINT; Schema: public; Owner: postgres
--

ALTER TABLE ONLY public.user_account_data
    ADD CONSTRAINT fk60v31bfr7hh057ybjpu9f7iku FOREIGN KEY (user_id) REFERENCES public.users(id);


--
-- Name: subscribers_subscriptions fk69o828f8lrepyboeqbk93b43e; Type: FK CONSTRAINT; Schema: public; Owner: postgres
--

ALTER TABLE ONLY public.subscribers_subscriptions
    ADD CONSTRAINT fk69o828f8lrepyboeqbk93b43e FOREIGN KEY (community_id) REFERENCES public.communities(id);


--
-- Name: selected_options fkbifho0psvsxt4ualgmpgb0b7f; Type: FK CONSTRAINT; Schema: public; Owner: postgres
--

ALTER TABLE ONLY public.selected_options
    ADD CONSTRAINT fkbifho0psvsxt4ualgmpgb0b7f FOREIGN KEY (options_id) REFERENCES public.notification_options(options_id);


--
-- Name: monitored_emergency fkd1of5ddelf3q6pa3qhlffu864; Type: FK CONSTRAINT; Schema: public; Owner: postgres
--

ALTER TABLE ONLY public.monitored_emergency
    ADD CONSTRAINT fkd1of5ddelf3q6pa3qhlffu864 FOREIGN KEY (community_id) REFERENCES public.communities(id);


--
-- Name: subscribers_subscriptions fkdsd8vnvhikt213x0d2cobfh5; Type: FK CONSTRAINT; Schema: public; Owner: postgres
--

ALTER TABLE ONLY public.subscribers_subscriptions
    ADD CONSTRAINT fkdsd8vnvhikt213x0d2cobfh5 FOREIGN KEY (user_id) REFERENCES public.users(id);


--
-- Name: selected_options fkf5wq5i6s8g2k15tts601oy8ll; Type: FK CONSTRAINT; Schema: public; Owner: postgres
--

ALTER TABLE ONLY public.selected_options
    ADD CONSTRAINT fkf5wq5i6s8g2k15tts601oy8ll FOREIGN KEY (user_id) REFERENCES public.users(id);


--
-- Name: notification_templates fkj04gqk2pai297kkxc7g8daecq; Type: FK CONSTRAINT; Schema: public; Owner: postgres
--

ALTER TABLE ONLY public.notification_templates
    ADD CONSTRAINT fkj04gqk2pai297kkxc7g8daecq FOREIGN KEY (owner_id) REFERENCES public.owners_data(id);


--
-- Name: users fkj1s0uxf4pym5k6sqf58a7acdg; Type: FK CONSTRAINT; Schema: public; Owner: postgres
--

ALTER TABLE ONLY public.users
    ADD CONSTRAINT fkj1s0uxf4pym5k6sqf58a7acdg FOREIGN KEY (id) REFERENCES public.owners_data(id);


--
-- Name: user_friends fkk08ugelrh9cea1oew3hgxryw2; Type: FK CONSTRAINT; Schema: public; Owner: postgres
--

ALTER TABLE ONLY public.user_friends
    ADD CONSTRAINT fkk08ugelrh9cea1oew3hgxryw2 FOREIGN KEY (user_id) REFERENCES public.users(id);


--
-- Name: groups fkke9gpecgx7u1oef8lsd9tax3c; Type: FK CONSTRAINT; Schema: public; Owner: postgres
--

ALTER TABLE ONLY public.groups
    ADD CONSTRAINT fkke9gpecgx7u1oef8lsd9tax3c FOREIGN KEY (owner_id) REFERENCES public.users(id);


--
-- Name: communities fklyvetlxecl0y92m40clpjq0ja; Type: FK CONSTRAINT; Schema: public; Owner: postgres
--

ALTER TABLE ONLY public.communities
    ADD CONSTRAINT fklyvetlxecl0y92m40clpjq0ja FOREIGN KEY (id) REFERENCES public.owners_data(id);


--
-- Name: friend_requests_received fkm36na7e5r1clexiey4nfelkex; Type: FK CONSTRAINT; Schema: public; Owner: postgres
--

ALTER TABLE ONLY public.friend_requests_received
    ADD CONSTRAINT fkm36na7e5r1clexiey4nfelkex FOREIGN KEY (sender_id) REFERENCES public.users(id);


--
-- Name: notification_templates fkou3ey6f7dkl83p2c6ctus03rx; Type: FK CONSTRAINT; Schema: public; Owner: postgres
--

ALTER TABLE ONLY public.notification_templates
    ADD CONSTRAINT fkou3ey6f7dkl83p2c6ctus03rx FOREIGN KEY (emergency_type_id) REFERENCES public.emergency_type(type_id);


--
-- Name: friend_requests_received fkqhdqm9wyucshb4okj01qp50kg; Type: FK CONSTRAINT; Schema: public; Owner: postgres
--

ALTER TABLE ONLY public.friend_requests_received
    ADD CONSTRAINT fkqhdqm9wyucshb4okj01qp50kg FOREIGN KEY (user_id) REFERENCES public.users(id);


--
-- Name: community_account_data fkx7ywt92uk65oak3tvxeuy5v1; Type: FK CONSTRAINT; Schema: public; Owner: postgres
--

ALTER TABLE ONLY public.community_account_data
    ADD CONSTRAINT fkx7ywt92uk65oak3tvxeuy5v1 FOREIGN KEY (community_id) REFERENCES public.communities(id);


--
-- PostgreSQL database dump complete
--

